Title,Publisher,Product Code,Published on,Content info,Price
"Global Non Grain-oriented Electrical Steel Market Insights, Forecast to 2028",QYResearch,1071366,"April 23, 2022",142 Pages,USD 4900
Global Maleic Anhydride (CAS 108-31-6) Market Research Report 2022,QYResearch,1071365,"April 23, 2022",167 Pages,USD 2900
Global Cristobalite Sand Market Research Report 2022,QYResearch,1071364,"April 23, 2022",105 Pages,USD 2900
Global and China Ultra High Purity Colloidal Silica Market Report & Forecast 2022-2028,QYResearch,1071363,"April 23, 2022",131 Pages,USD 4350
Microspheres: Technologies and Global Markets,BCC Research,1071522,"April 21, 2022",251 Pages,USD 5500
Global Aerosol Refrigerants Market 2022-2026,TechNavio (Infiniti Research Ltd.),1071323,"April 21, 2022",120 Pages,USD 2500
Global Industrial PEG-2000 Market Research Report 2022,QYResearch,1071216,"April 21, 2022",122 Pages,USD 2900
"Global Household Appliances Color-Coated Sheet Market Report, History and Forecast 2017-2028",QYResearch,1071215,"April 21, 2022",188 Pages,USD 3350
Global Eco-friendly Plastic Bags Sales Market Report 2022,QYResearch,1071214,"April 21, 2022",111 Pages,USD 4000
Global Electronic Grade Diborane (B2H6) Market Research Report 2022,QYResearch,1068393,"April 21, 2022",103 Pages,USD 2900
Anticorrosion Coatings: Global Markets,BCC Research,1071523,"April 20, 2022",140 Pages,USD 5500
Global Adhesives and Sealants Market 2022-2026,TechNavio (Infiniti Research Ltd.),1071299,"April 20, 2022",120 Pages,USD 2500
Global Nano-Copper Particles Market Professional Survey Report 2022,QYResearch,1070481,"April 20, 2022",103 Pages,USD 3500
"Global Monocrystalline Diamond Market Report, History and Forecast 2017-2028",QYResearch,1070480,"April 20, 2022",96 Pages,USD 3350
"Global Industrial Inkjet Printheads Market Report, History and Forecast 2017-2028",QYResearch,1070478,"April 20, 2022",102 Pages,USD 3350
Global Float Glass Market Research Report 2022,QYResearch,1070476,"April 20, 2022",151 Pages,USD 2900
Global Electrostatic Chucks (ESCs) In Semiconductor Market Research Report 2022,QYResearch,1070474,"April 20, 2022",135 Pages,USD 2900
Global Anti-Caking Agents for Fertilizer Market Research Report 2022,QYResearch,1070472,"April 20, 2022",138 Pages,USD 2900
"Global Acetaldehyde Market Insights, Forecast to 2028",QYResearch,1070471,"April 20, 2022",171 Pages,USD 4900
"Industrial Coatings Market by Resin (Polyurethane, Epoxy, Acrylic, Alkyd), Technology (Solvent-based, Water-based, Powder), End-Use Industry (General Industrial, Protective, Automotive, Aerospace, Wood, Packaging) and Region - Global Forecast to 2026",MarketsandMarkets,1071376,"April 19, 2022",298 Pages,USD 4950
Global Electronic Adhesives Market 2022-2026,TechNavio (Infiniti Research Ltd.),1071361,"April 19, 2022",120 Pages,USD 2500
Plastic Packaging Market in Mexico 2022-2026,TechNavio (Infiniti Research Ltd.),1071359,"April 19, 2022",120 Pages,USD 2500
Textile Manufacturing Market in Brazil 2022-2026,TechNavio (Infiniti Research Ltd.),1071352,"April 19, 2022",120 Pages,USD 2500
Global Peat Market 2022-2026,TechNavio (Infiniti Research Ltd.),1071337,"April 18, 2022",120 Pages,USD 2500
"Global Synthetic Fibres (Polyester, Nylon, Acrylic & Polyolefin) Market: Insights & Forecast with Potential Impact of COVID-19 (2022-2026)",Koncept Analytics,1070417,"April 18, 2022",105 Pages,USD 1400
Global Helium Market: Insights & Forecast with Potential Impact of COVID-19 (2022-2026),Koncept Analytics,1070416,"April 18, 2022",87 Pages,USD 1300
Global Petrochemical Market (By Type & Region): Insights & Forecast with Potential Impact of COVID-19 (2022-2026),Koncept Analytics,1070414,"April 18, 2022",104 Pages,USD 1400
"Global Surfactants Market (Non-ionic, Anionic & Cationic): Insights & Forecast with Potential Impact of COVID-19 (2022-2026)",Koncept Analytics,1070412,"April 18, 2022",116 Pages,USD 1600
Global Automotive Chromium Market 2022-2026,TechNavio (Infiniti Research Ltd.),1071328,"April 14, 2022",120 Pages,USD 2500
Global Castor Oil and its Derivatives Market 2022-2026,TechNavio (Infiniti Research Ltd.),1071318,"April 14, 2022",120 Pages,USD 2500
Global Flexible Packaging Market for Food and Beverages 2022-2026,TechNavio (Infiniti Research Ltd.),1071315,"April 14, 2022",120 Pages,USD 2500
Global Polyolefin (POF) Shrink Film Market 2022-2026,TechNavio (Infiniti Research Ltd.),1071303,"April 14, 2022",120 Pages,USD 2500
Global Lignite Market 2022-2026,TechNavio (Infiniti Research Ltd.),1071292,"April 14, 2022",120 Pages,USD 2500
"Non-PVC IV Bags Market: Global Industry Trends, Share, Size, Growth, Opportunity and Forecast 2022-2027",IMARC Services Private Limited,1071211,"April 14, 2022",143 Pages,USD 2499
"Surrogacy Market: Global Industry Trends, Share, Size, Growth, Opportunity and Forecast 2022-2027",IMARC Services Private Limited,1071210,"April 14, 2022",145 Pages,USD 2499
"Hydraulic Fluids Market: Global Industry Trends, Share, Size, Growth, Opportunity and Forecast 2022-2027",IMARC Services Private Limited,1071209,"April 14, 2022",108 Pages,USD 2499
"Aerosol Refrigerants Market: Global Industry Trends, Share, Size, Growth, Opportunity and Forecast 2022-2027",IMARC Services Private Limited,1071200,"April 14, 2022",147 Pages,USD 2499
"Aluminum Hydroxide Market: Global Industry Trends, Share, Size, Growth, Opportunity and Forecast 2022-2027",IMARC Services Private Limited,1071196,"April 14, 2022",145 Pages,USD 2499
"Retort Pouches Market: Global Industry Trends, Share, Size, Growth, Opportunity and Forecast 2022-2027",IMARC Services Private Limited,1071187,"April 14, 2022",147 Pages,USD 2499
"North America Testing and Commissioning Market: Industry Trends, Share, Size, Growth, Opportunity and Forecast 2022-2027",IMARC Services Private Limited,1071184,"April 14, 2022",143 Pages,USD 2699
"N-Hexane Market: Global Industry Trends, Share, Size, Growth, Opportunity and Forecast 2022-2027",IMARC Services Private Limited,1071181,"April 14, 2022",143 Pages,USD 2499
"Interior Architectural Coatings Market: Global Industry Trends, Share, Size, Growth, Opportunity and Forecast 2022-2027",IMARC Services Private Limited,1071178,"April 14, 2022",142 Pages,USD 2499
"Industrial Catalyst Market: Global Industry Trends, Share, Size, Growth, Opportunity and Forecast 2022-2027",IMARC Services Private Limited,1071177,"April 14, 2022",143 Pages,USD 2499
"Specialty Films Market: Global Industry Trends, Share, Size, Growth, Opportunity and Forecast 2022-2027",IMARC Services Private Limited,1071165,"April 14, 2022",143 Pages,USD 2499
"Synthetic Rubber Market: Global Industry Trends, Share, Size, Growth, Opportunity and Forecast 2022-2027",IMARC Services Private Limited,1071161,"April 14, 2022",142 Pages,USD 2499
"Perfume Market: Global Industry Trends, Share, Size, Growth, Opportunity and Forecast 2022-2027",IMARC Services Private Limited,1071155,"April 14, 2022",145 Pages,USD 2499
"Mineral Wool Ceiling Tiles Market: Global Industry Trends, Share, Size, Growth, Opportunity and Forecast 2022-2027",IMARC Services Private Limited,1071152,"April 14, 2022",143 Pages,USD 2499
"Industrial Gases Market: Global Industry Trends, Share, Size, Growth, Opportunity and Forecast 2022-2027",IMARC Services Private Limited,1071148,"April 14, 2022",141 Pages,USD 2499
"Asia Pacific Silica Sand Market: Industry Trends, Share, Size, Growth, Opportunity and Forecast 2022-2027",IMARC Services Private Limited,1071146,"April 14, 2022",143 Pages,USD 2699
"Soda Ash Market: Global Industry Trends, Share, Size, Growth, Opportunity and Forecast 2022-2027",IMARC Services Private Limited,1071138,"April 14, 2022",143 Pages,USD 2499
"Digital Textile Printing Market: Global Industry Trends, Share, Size, Growth, Opportunity and Forecast 2022-2027",IMARC Services Private Limited,1071131,"April 14, 2022",145 Pages,USD 2499
"Natural Stone Market: Global Industry Trends, Share, Size, Growth, Opportunity and Forecast 2022-2027",IMARC Services Private Limited,1071129,"April 14, 2022",143 Pages,USD 2499
"Activated Alumina Market: Global Industry Trends, Share, Size, Growth, Opportunity and Forecast 2022-2027",IMARC Services Private Limited,1071127,"April 14, 2022",143 Pages,USD 2499
"Solar Control Glass Market: Global Industry Trends, Share, Size, Growth, Opportunity and Forecast 2022-2027",IMARC Services Private Limited,1071119,"April 14, 2022",147 Pages,USD 2499
"Conformal Coatings Market: Global Industry Trends, Share, Size, Growth, Opportunity and Forecast 2022-2027",IMARC Services Private Limited,1071116,"April 14, 2022",143 Pages,USD 2499
"Ammonia Market: Global Industry Trends, Share, Size, Growth, Opportunity and Forecast 2022-2027",IMARC Services Private Limited,1071114,"April 14, 2022",143 Pages,USD 2499
"Smart Textiles Market: Global Industry Trends, Share, Size, Growth, Opportunity and Forecast 2022-2027",IMARC Services Private Limited,1071107,"April 14, 2022",143 Pages,USD 2499
"Roof Coatings Market: Global Industry Trends, Share, Size, Growth, Opportunity and Forecast 2022-2027",IMARC Services Private Limited,1071097,"April 14, 2022",143 Pages,USD 2499
"Paper Cups Market: Global Industry Trends, Share, Size, Growth, Opportunity and Forecast 2022-2027",IMARC Services Private Limited,1071081,"April 14, 2022",143 Pages,USD 2499
"Particle Board Market: Global Industry Trends, Share, Size, Growth, Opportunity and Forecast 2022-2027",IMARC Services Private Limited,1071077,"April 14, 2022",143 Pages,USD 2499
"Plywood Market: Global Industry Trends, Share, Size, Growth, Opportunity and Forecast 2022-2027",IMARC Services Private Limited,1071075,"April 14, 2022",145 Pages,USD 2499
"Metal Casting Market: Global Industry Trends, Share, Size, Growth, Opportunity and Forecast 2022-2027",IMARC Services Private Limited,1071073,"April 14, 2022",146 Pages,USD 2499
"GCC Paper Products Market: Industry Trends, Share, Size, Growth, Opportunity and Forecast 2022-2027",IMARC Services Private Limited,1071070,"April 14, 2022",143 Pages,USD 2699
"Bromine Market: Global Industry Trends, Share, Size, Growth, Opportunity and Forecast 2022-2027",IMARC Services Private Limited,1071067,"April 14, 2022",145 Pages,USD 2499
"Indian Ammonia Market: Industry Trends, Share, Size, Growth, Opportunity and Forecast 2022-2027",IMARC Services Private Limited,1071065,"April 14, 2022",162 Pages,USD 2299
"Citric Acid Market: Global Industry Trends, Share, Size, Growth, Opportunity and Forecast 2022-2027",IMARC Services Private Limited,1071061,"April 14, 2022",110 Pages,USD 2499
"Cement Market: Global Industry Trends, Share, Size, Growth, Opportunity and Forecast 2022-2027",IMARC Services Private Limited,1071058,"April 14, 2022",107 Pages,USD 2499
"Industrial Packaging Market: Global Industry Trends, Share, Size, Growth, Opportunity and Forecast 2022-2027",IMARC Services Private Limited,1071052,"April 14, 2022",143 Pages,USD 2499
"Indian Fertilizer Market: Industry Trends, Share, Size, Growth, Opportunity and Forecast 2022-2027",IMARC Services Private Limited,1071039,"April 14, 2022",143 Pages,USD 2299
"Technical Foam Market: Global Industry Trends, Share, Size, Growth, Opportunity and Forecast 2022-2027",IMARC Services Private Limited,1071035,"April 14, 2022",143 Pages,USD 2499
"Spoolable Pipes Market: Global Industry Trends, Share, Size, Growth, Opportunity and Forecast 2022-2027",IMARC Services Private Limited,1071034,"April 14, 2022",145 Pages,USD 2499
"Chlor-Alkali Market: Global Industry Trends, Share, Size, Growth, Opportunity and Forecast 2022-2027",IMARC Services Private Limited,1071025,"April 14, 2022",143 Pages,USD 2499
"Ion Exchange Membrane Market: Global Industry Trends, Share, Size, Growth, Opportunity and Forecast 2022-2027",IMARC Services Private Limited,1071024,"April 14, 2022",147 Pages,USD 2499
"Coating Additives Market: Global Industry Trends, Share, Size, Growth, Opportunity and Forecast 2022-2027",IMARC Services Private Limited,1071019,"April 14, 2022",143 Pages,USD 2499
"Insulated Concrete Form (ICF) Market: Global Industry Trends, Share, Size, Growth, Opportunity and Forecast 2022-2027",IMARC Services Private Limited,1071015,"April 14, 2022",106 Pages,USD 2499
"Thermoplastic Polyurethane (TPU) Market: Global Industry Trends, Share, Size, Growth, Opportunity and Forecast 2022-2027",IMARC Services Private Limited,1071011,"April 14, 2022",107 Pages,USD 2499
"Automotive Adhesives Market: Global Industry Trends, Share, Size, Growth, Opportunity and Forecast 2022-2027",IMARC Services Private Limited,1071008,"April 14, 2022",143 Pages,USD 2499
"Electrophotographic Printing Market: Global Industry Trends, Share, Size, Growth, Opportunity and Forecast 2022-2027",IMARC Services Private Limited,1071006,"April 14, 2022",143 Pages,USD 2499
"Fertilizer Market: Global Industry Trends, Share, Size, Growth, Opportunity and Forecast 2022-2027",IMARC Services Private Limited,1070994,"April 14, 2022",108 Pages,USD 2499
"Green and Bio-Solvents Market: Global Industry Trends, Share, Size, Growth, Opportunity and Forecast 2022-2027",IMARC Services Private Limited,1070991,"April 14, 2022",143 Pages,USD 2499
"Commercial Printing Market: Global Industry Trends, Share, Size, Growth, Opportunity and Forecast 2022-2027",IMARC Services Private Limited,1070990,"April 14, 2022",145 Pages,USD 2499
"Automotive Plastics Market: Global Industry Trends, Share, Size, Growth, Opportunity and Forecast 2022-2027",IMARC Services Private Limited,1070981,"April 14, 2022",143 Pages,USD 2499
"Flexible Pipe Market: Global Industry Trends, Share, Size, Growth, Opportunity and Forecast 2022-2027",IMARC Services Private Limited,1070967,"April 14, 2022",108 Pages,USD 2499
"Potassium Citrate Market: Global Industry Trends, Share, Size, Growth, Opportunity and Forecast 2022-2027",IMARC Services Private Limited,1070966,"April 14, 2022",115 Pages,USD 2499
"Iodine Market: Global Industry Trends, Share, Size, Growth, Opportunity and Forecast 2022-2027",IMARC Services Private Limited,1070965,"April 14, 2022",107 Pages,USD 2499
"Cerium Oxide Nanoparticles Market: Global Industry Trends, Share, Size, Growth, Opportunity and Forecast 2022-2027",IMARC Services Private Limited,1070964,"April 14, 2022",107 Pages,USD 2499
"Aviation Lubricants Market: Global Industry Trends, Share, Size, Growth, Opportunity and Forecast 2022-2027",IMARC Services Private Limited,1070952,"April 14, 2022",145 Pages,USD 2499
"Indian Aluminium Powder Market: Industry Trends, Share, Size, Growth, Opportunity and Forecast 2022-2027",IMARC Services Private Limited,1070950,"April 14, 2022",143 Pages,USD 2299
"Liquid Nitrogen Market: Global Industry Trends, Share, Size, Growth, Opportunity and Forecast 2022-2027",IMARC Services Private Limited,1070935,"April 14, 2022",145 Pages,USD 2499
"Isopropyl Alcohol Market: Global Industry Trends, Share, Size, Growth, Opportunity and Forecast 2022-2027",IMARC Services Private Limited,1070932,"April 14, 2022",143 Pages,USD 2499
"Ion Exchange Resins Market: Global Industry Trends, Share, Size, Growth, Opportunity and Forecast 2022-2027",IMARC Services Private Limited,1070931,"April 14, 2022",145 Pages,USD 2499
"Armor Materials Market: Global Industry Trends, Share, Size, Growth, Opportunity and Forecast 2022-2027",IMARC Services Private Limited,1070927,"April 14, 2022",145 Pages,USD 2499
"Thermal Ceramics Market: Global Industry Trends, Share, Size, Growth, Opportunity and Forecast 2022-2027",IMARC Services Private Limited,1070925,"April 14, 2022",145 Pages,USD 2499
"Fertilizer Additives Market: Global Industry Trends, Share, Size, Growth, Opportunity and Forecast 2022-2027",IMARC Services Private Limited,1070922,"April 14, 2022",143 Pages,USD 2499
"Electrical Steel Market: Global Industry Trends, Share, Size, Growth, Opportunity and Forecast 2022-2027",IMARC Services Private Limited,1070917,"April 14, 2022",142 Pages,USD 2499
"Palm Oil Market: Global Industry Trends, Share, Size, Growth, Opportunity and Forecast 2022-2027",IMARC Services Private Limited,1070913,"April 14, 2022",108 Pages,USD 2499
"Industrial Alcohols Market: Global Industry Trends, Share, Size, Growth, Opportunity and Forecast 2022-2027",IMARC Services Private Limited,1070907,"April 14, 2022",110 Pages,USD 2499
"FMCG Packaging Market: Global Industry Trends, Share, Size, Growth, Opportunity and Forecast 2022-2027",IMARC Services Private Limited,1070902,"April 14, 2022",101 Pages,USD 2499
"Cannabis Packaging Market: Global Industry Trends, Share, Size, Growth, Opportunity and Forecast 2022-2027",IMARC Services Private Limited,1070898,"April 14, 2022",145 Pages,USD 2499
Re-Refined Base Oil Market - Global Outlook & Forecast 2022-2027,Arizton Advisory & Intelligence,1069856,"April 14, 2022",294 Pages,USD 3750
